member_age,chronic_condition_count,prior_year_paid_claims,inpatient_admissions,er_visits,specialty_rx_count,rx_paid_claims,medical_paid_claims,comorbidity_score
69,7,13763,2,5,6,99964,74035,6.8
32,5,191237,0,3,3,122557,138791,2.0
78,3,239553,2,5,1,80929,71364,3.4
38,3,332759,4,3,3,159833,135193,5.0
41,0,121987,2,3,4,50768,118871,3.9
20,2,217823,6,3,2,109549,90292,3.7
39,4,92353,4,8,0,73502,176005,3.0
70,6,222373,4,6,4,95168,208422,4.7
19,4,26556,2,2,4,160776,66688,5.0
47,3,322186,7,2,1,116316,186523,5.3
55,4,19099,1,5,2,37346,82218,0.7
19,0,177168,3,5,2,40497,238688,5.1
81,0,204058,7,3,5,86594,37058,7.6
77,7,145302,0,8,6,127373,129438,4.4
38,3,203041,5,3,0,126142,147231,5.8
50,7,34866,3,8,6,17139,34913,4.5
75,3,106400,0,3,1,44660,10935,6.9
39,6,347390,7,1,0,143938,185483,7.4
66,6,340119,7,1,5,62319,28567,1.6
76,5,344701,0,4,3,166593,88294,3.6
59,3,138488,4,3,4,133051,94323,3.2
77,2,73516,0,6,0,144458,69724,3.3
32,4,187987,5,4,6,147731,204797,1.1
79,3,295746,7,5,4,5257,1879,6.5
79,1,190139,0,9,1,150005,103047,0.4
64,5,159588,2,3,6,19357,109041,4.3
79,1,130295,3,1,3,35230,159196,5.3
68,0,88969,2,9,1,150885,223072,1.7
72,6,133161,5,8,7,108812,219999,7.3
81,4,206735,0,9,3,115280,115134,6.7
20,3,142559,6,6,3,83228,129201,3.8
68,1,263299,5,3,4,136460,58245,3.3
24,4,124950,4,2,1,29880,183377,2.0
38,0,330638,2,9,1,102502,104415,5.9
56,6,77229,2,2,0,36645,144088,1.1
35,2,105648,1,8,6,5996,210994,5.5
21,5,39547,0,4,7,47418,217415,6.8
77,4,29795,4,2,1,170403,130060,1.9
31,4,187368,6,4,0,139395,156415,6.9
26,2,22447,2,1,7,139494,243592,0.4
70,4,168670,2,3,2,24274,137484,7.3
19,0,222823,4,9,2,116288,153086,1.0
77,0,257190,5,1,7,161097,218931,5.2
61,2,207402,5,1,2,37039,188604,2.1
25,5,253419,0,7,5,107312,160369,6.7
64,3,230817,7,0,1,127714,138021,4.1
52,1,326422,1,6,5,68522,133297,1.2
53,3,56077,2,4,6,56521,81906,4.6
67,4,113782,7,7,1,110300,9804,3.3
21,1,103932,7,0,0,157260,204630,5.3
19,7,311925,1,6,5,35707,126055,7.1
23,2,187339,7,4,5,99444,145235,3.3
71,2,316942,7,3,6,125988,70820,2.4
21,5,99696,5,6,5,95451,206580,0.2
71,1,51939,5,9,3,24006,247492,4.6
80,0,292660,3,1,0,130564,94988,3.3
35,1,188598,6,0,2,37101,76091,3.1
61,4,142521,0,0,0,148315,95544,1.5
51,0,51290,7,0,3,141024,144248,3.5
79,6,349805,3,4,6,173888,25692,7.9
31,6,336098,6,9,6,52327,156294,2.5
65,7,285890,3,6,1,653,139018,4.8
32,6,68990,3,1,0,75632,119804,6.2
79,2,59810,0,9,7,123072,136297,6.0
57,1,119362,0,7,7,87562,217169,2.7
70,6,147295,4,3,6,11176,244645,4.9
41,3,134669,1,2,5,114376,88707,7.0
43,5,197749,1,9,6,99322,189204,0.2
77,3,265803,4,7,6,70604,198517,3.5
58,6,87516,4,1,6,82132,74241,1.9
46,7,75567,5,2,6,97370,16865,3.2
32,5,278181,6,2,7,77907,66292,3.4
62,4,127498,3,9,7,164960,196429,6.0
82,3,178810,7,0,2,93989,247981,0.8
26,7,13109,4,5,2,96716,147276,4.1
18,1,285154,2,1,1,133289,51075,4.6
25,1,271931,1,0,6,8157,161474,4.0
80,3,240472,4,1,7,107924,120141,5.9
28,6,140544,2,5,0,136064,232866,3.1
25,7,247183,2,3,3,13437,132767,7.6
52,1,155455,2,5,1,51786,54017,3.9
52,4,324853,5,8,7,19452,34512,4.6
50,0,245325,5,9,0,141979,142987,6.6
22,6,35518,7,9,6,165478,171106,2.3
58,7,54909,7,7,4,3743,22186,0.7
45,4,281495,2,0,6,175407,208770,5.7
24,7,201696,6,7,2,104847,246086,3.9
29,5,16282,5,8,3,35231,160315,7.2
51,4,240017,3,5,7,174201,32661,7.9
50,6,268219,2,9,7,65947,192885,3.3
65,5,180526,3,4,5,55511,247566,3.4
40,6,29365,3,5,3,66067,240189,3.3
79,1,274146,2,5,5,88980,2902,2.7
54,0,277091,1,8,3,57396,63690,6.3
61,6,211294,6,3,2,73905,246756,6.1
52,6,117219,2,1,5,58094,184123,3.9
82,1,341754,7,8,0,87840,13775,0.5
64,2,315286,2,1,5,14791,159754,2.5
20,1,57307,5,9,1,97447,15415,2.4
18,5,136565,2,8,0,927,1409,6.5
22,1,256095,1,1,1,152631,114610,0.8
31,1,313229,5,7,6,44022,66408,6.5
44,0,35228,7,8,3,103599,127837,5.4
26,1,211748,0,9,0,112313,23120,5.9
32,7,44472,0,8,3,130631,34612,3.5
59,6,312581,3,9,6,142201,205623,5.5
68,7,322855,6,8,4,128788,2931,4.9
80,0,138888,3,1,7,60291,87090,6.2
69,3,78175,1,3,3,154791,62675,3.6
21,2,65307,4,6,6,148665,117972,3.8
40,7,309877,7,1,3,165590,33124,5.2
32,0,96028,6,0,6,94392,207693,1.0
60,5,143312,7,2,1,179206,61764,3.5
46,3,93493,0,3,6,111005,114266,7.8
53,0,126149,3,7,5,160112,163530,0.4
30,0,230416,7,5,4,118289,133267,2.6
49,2,203435,0,1,3,89567,100711,2.6
76,6,164834,1,8,6,13465,120002,5.1
45,7,271403,1,1,6,136696,181504,0.9
83,5,182211,4,4,3,151897,230895,5.1
59,4,277993,7,3,7,79822,44725,0.9
62,7,344912,4,6,4,160459,132975,0.9
79,4,318013,5,7,4,36129,214918,5.9
74,0,64095,6,4,6,62092,205963,2.7
23,1,118886,7,9,0,151811,170208,7.8
45,5,334054,1,4,1,56830,11339,0.4
45,3,286711,3,1,4,140487,197118,3.6
61,1,36292,0,7,4,170657,236206,1.0
47,1,75813,2,1,2,131225,179401,2.9
79,7,98136,4,9,5,87780,140802,8.0
79,5,52631,2,5,4,77662,52477,7.1
18,6,10885,7,7,1,113596,171804,0.5
44,0,186378,3,5,5,97237,113550,4.5
79,0,329458,4,3,5,95510,232879,5.2
20,0,328231,2,3,3,156280,226364,1.8
44,0,50812,6,5,3,49128,26151,1.2
26,7,182572,3,3,3,90076,98419,7.2
79,4,321787,0,7,3,25176,40463,7.8
54,0,45900,6,8,2,125184,187444,7.9
68,4,279432,3,0,4,158898,118276,6.3
61,4,73692,5,3,3,98456,79698,5.3
41,6,348580,4,3,6,100737,145311,2.8
76,0,228208,1,1,0,135972,131197,1.5
49,2,47403,0,5,3,109531,63794,0.7
69,3,92170,7,2,4,7726,179928,5.6
79,1,272312,6,6,3,104063,2289,6.3
75,4,313023,6,4,2,170772,150992,6.6
69,5,60871,2,3,1,73566,89797,7.3
29,5,33174,4,4,1,56296,237474,7.1
56,3,231823,7,7,4,139182,169178,8.0
19,5,224563,1,2,6,71385,170212,2.0
20,2,138653,3,6,1,50448,118841,6.1
73,5,111155,1,5,7,133223,44635,4.7
76,1,334997,4,0,1,80088,37567,2.2
19,1,327190,4,6,0,94733,189992,7.9
19,4,312822,5,6,4,42154,17857,7.2
71,0,289793,5,0,6,89919,171423,1.1
18,6,128795,1,8,4,140076,38762,0.3
36,2,89668,3,5,1,795,208425,5.5
19,4,214397,1,1,1,29792,59143,4.9
70,2,146639,4,4,1,40843,249666,7.5
61,0,240141,4,3,5,62865,153106,1.9
49,7,97019,2,6,2,152095,91770,0.8
49,5,341146,5,7,3,6172,233005,2.1
72,5,29803,7,0,7,16082,164444,0.2
73,6,150302,7,4,2,155041,237309,0.4
34,0,149934,7,2,4,25220,139261,7.3
55,4,231147,2,0,7,174020,69603,2.9
41,6,31795,0,2,0,102821,86768,3.3
28,0,271914,7,5,3,85574,86810,0.2
33,3,12093,4,6,0,45112,220303,2.2
76,1,280713,2,7,6,13079,247441,6.5
20,6,274334,1,3,5,33998,37912,5.0
37,6,325968,5,2,4,107991,48234,6.1
76,4,174824,5,4,5,177345,241206,3.6
53,2,164399,3,8,4,75991,88293,2.5
36,3,305214,1,5,0,67183,201502,3.9
84,4,41197,3,8,0,174277,233410,2.7
36,0,3261,2,5,0,134122,22728,6.7
37,0,158584,6,1,4,159672,121127,2.5
69,0,349939,7,4,1,12153,78424,5.3
50,7,292077,0,8,0,106610,11819,1.2
57,0,136450,1,7,5,125355,6975,5.5
56,2,41583,1,6,6,154807,228663,7.3
18,3,348515,1,0,3,81229,215266,4.9
28,5,161105,3,3,4,4255,146300,4.5
74,1,112032,2,6,7,38370,241882,7.7
67,2,207940,1,6,5,100176,30045,5.1
40,2,305748,6,5,2,28451,97136,2.2
48,7,227727,1,7,6,135804,213258,2.4
59,5,74869,5,5,2,136196,230322,5.7
24,5,268554,7,9,3,48237,229984,5.9
33,1,346519,0,2,1,92315,193328,2.5
77,1,188116,7,3,0,78126,200347,2.8
19,5,195387,5,2,4,70600,170271,7.9
18,0,203416,5,0,5,99725,168393,0.9
65,2,87716,0,9,7,101364,31115,3.3
29,4,55245,6,4,0,141974,14246,0.6
54,1,44056,2,0,5,106932,218029,6.6
49,7,251736,5,0,4,15585,154317,0.8
26,7,321701,2,1,2,9536,1745,5.4
36,1,280687,5,3,0,65621,117908,0.5
65,5,226683,4,5,3,162497,112643,5.4
20,3,266972,0,7,1,36221,156425,6.8
37,4,117656,5,2,3,135054,28132,3.3
41,4,18087,4,0,1,117569,13356,4.2
71,1,294481,7,2,6,49311,188465,3.3
50,0,137554,3,2,5,89602,202213,2.5
41,3,328477,4,4,0,119974,232798,6.4
53,4,183024,1,3,0,42919,68549,2.2
55,1,137535,5,3,6,125895,58682,5.8
42,7,244236,4,8,1,134785,134373,1.7
35,4,71448,2,6,2,144607,229453,2.1
83,6,5648,3,3,4,175412,211003,2.8
71,3,296767,6,2,3,104326,171321,4.8
52,3,36634,5,5,6,77858,205329,3.7
78,6,312478,1,2,7,166112,56154,6.0
58,2,331792,6,5,7,31207,203146,1.8
50,7,23054,4,8,5,107033,229139,0.2
50,6,71028,6,5,6,118837,55881,6.2
31,5,23207,6,3,3,120921,59101,6.6
38,5,231893,3,4,3,93420,146654,0.6
65,1,82554,7,5,5,26593,146220,4.9
37,3,153458,6,2,5,57680,864,3.1
25,2,84276,6,7,0,117443,166140,6.4
24,2,315925,5,3,3,88490,211218,7.0
84,4,184852,7,7,4,104463,203066,6.8
34,4,193512,3,9,7,140379,206204,6.2
50,6,324179,1,9,4,6193,7936,2.2
65,2,9210,4,2,1,93850,87213,6.5
76,6,45363,3,9,6,117795,158326,4.3
39,7,243247,3,6,5,52266,60694,0.5
47,6,79279,0,8,0,112050,25044,3.7
55,4,192420,3,3,4,43142,191752,7.5
68,3,187356,7,7,2,16338,63795,7.1
71,6,204196,0,2,7,118758,144210,0.9
25,0,200919,4,6,0,175799,197287,6.0
44,3,258324,6,2,0,9390,69909,6.5
44,2,196161,5,6,4,92459,214678,2.2
38,2,231363,5,9,2,78622,127339,3.8
47,6,135393,4,9,1,82515,114259,5.7
45,3,344492,4,5,4,29286,17657,3.6
81,4,210754,7,1,2,148594,177137,1.0
78,4,124053,2,2,0,125804,201568,5.7
65,5,184965,6,5,7,101014,245192,7.3
36,2,167892,4,3,2,119524,66388,5.3
21,1,329406,3,5,0,129121,187667,6.2
52,5,135832,7,0,6,3635,65447,2.9
81,4,154262,5,9,4,101705,218694,1.5
66,3,68411,1,0,5,53531,71380,5.2
34,7,286521,7,2,4,160214,5007,2.7
61,4,39211,5,7,6,160331,103634,6.9
47,3,214981,0,7,3,113657,44488,1.1
63,5,266888,7,3,3,52589,98921,3.5
23,2,257638,5,5,3,53214,148437,3.2
54,4,288139,2,7,4,164098,103091,7.5
41,6,149049,7,6,1,30497,130114,1.3
63,3,230010,7,6,4,44090,27713,0.2
70,2,35542,6,3,7,21522,187526,2.0
77,7,11651,4,8,6,35939,57950,6.6
80,7,100239,6,9,7,140991,136049,1.8
49,1,342075,7,5,6,79753,62722,2.0
50,3,227416,4,2,5,8514,138105,1.1
84,5,279859,5,4,2,94031,180967,5.8
35,1,156378,1,4,4,75364,154968,0.6
42,1,151158,1,4,4,107858,13255,2.7
71,0,324494,7,7,0,77228,132437,2.3
75,4,334569,2,8,6,36313,142745,4.5
84,3,349264,0,8,0,117374,190477,5.9
63,1,142130,5,5,0,146629,169669,4.3
41,0,256948,4,5,4,20565,33871,7.5
49,5,337781,7,8,1,39229,235632,7.6
64,2,333338,5,3,2,1937,142826,3.0
40,6,340061,7,5,2,131242,135590,6.2
83,6,65200,2,3,7,85674,5692,5.9
44,3,106848,3,0,6,78418,2515,7.2
19,1,107022,3,6,5,158771,108654,3.6
34,6,178691,2,9,6,128892,200488,4.3
50,4,257453,4,5,1,177429,28843,3.4
26,6,323202,6,8,1,128611,69806,6.8
60,6,63068,2,6,2,172306,6329,1.9
65,6,162445,7,6,3,494,34881,2.0
56,7,165226,4,1,0,24796,111951,3.0
59,0,138103,1,8,0,98385,212653,1.9
43,1,225605,2,9,2,11634,18763,4.5
67,4,204047,4,8,6,58582,235248,1.2
42,1,285929,2,5,1,38298,184832,2.6
41,7,250768,2,2,6,4855,174878,7.3
30,3,160741,6,0,5,83229,222783,3.3
77,3,95475,6,3,3,46428,58918,6.0
24,3,3282,7,2,2,3971,222470,1.0
74,5,166696,4,0,0,74299,648,2.1
53,6,180510,4,2,4,121011,133326,6.5
62,5,221972,0,3,6,62457,27245,6.1
37,0,330678,2,7,1,17758,73414,3.2
82,3,163777,3,8,4,58636,243467,7.6
25,7,338108,2,2,5,107979,187405,7.3
33,4,169509,2,5,2,125091,151712,7.7
31,1,209944,4,9,6,32576,206479,3.5
32,6,120006,2,4,0,78124,61153,1.7
83,2,237440,5,5,6,29532,224107,5.1
49,4,205054,2,3,3,131201,193093,5.5
80,6,313727,5,9,7,46937,78815,1.1
68,5,301536,6,5,4,131112,31575,6.3
42,5,8461,3,6,3,89231,162269,0.2
75,4,101123,7,8,5,21191,186116,3.9
80,5,273660,4,9,0,27672,10295,2.7
79,3,149586,2,6,4,60146,65055,5.9
39,0,232496,5,5,5,158121,183776,2.6
75,1,168860,5,0,3,1741,235568,6.6
75,0,207821,6,1,3,129437,201326,4.8
66,6,193121,5,0,7,2965,196432,6.4
69,1,325637,7,8,4,43274,103607,7.9
59,7,37027,1,9,0,102995,52029,5.5
32,1,174921,0,9,3,160555,143244,7.9
71,0,149930,7,8,2,101587,185810,0.3
77,4,216234,3,6,7,132041,228150,2.8
25,1,80003,7,1,5,149078,167522,1.0
70,7,184467,6,5,4,3172,11509,2.2
77,7,40758,6,3,1,149528,178668,6.7
22,7,317456,7,0,1,104103,151116,0.4
23,0,331814,2,0,0,149925,187300,4.2
64,1,83279,1,4,2,103779,29881,4.6
72,2,16434,2,1,3,39539,128269,4.5
57,4,196119,2,3,1,157029,156859,3.9
69,3,338913,7,0,0,103576,65110,6.3
33,1,246754,4,3,5,42599,68622,1.2
30,7,329821,4,5,7,44213,68684,2.6
47,2,84555,4,9,2,145978,171653,5.0
36,3,129379,1,3,2,169503,215209,5.6
34,3,217992,2,0,6,28109,176884,3.3
80,6,240511,0,6,0,157741,87728,7.0
36,1,177806,3,1,0,132585,73443,3.4
75,0,69803,4,8,6,139119,214362,3.3
72,1,284456,4,2,7,141202,81270,0.4
79,2,225448,6,7,3,3485,53226,4.5
40,3,176251,2,7,0,123837,153783,5.7
26,1,203514,2,2,6,36063,161052,1.0
29,0,246404,1,3,3,147976,48280,2.5
18,6,118961,1,1,7,149977,188710,6.3
75,1,303523,4,3,3,131827,221954,3.0
18,4,18297,2,8,4,21523,43003,2.0
51,6,265155,0,1,2,71168,58393,5.4
65,0,121234,3,2,5,54115,177765,1.7
18,2,45014,7,3,2,109743,245574,7.2
33,3,244166,2,4,2,141891,61858,0.9
78,1,179570,6,0,4,108700,81357,5.7
81,0,259864,7,6,3,152497,209754,4.0
80,6,274264,2,9,3,111466,120957,7.0
39,4,285996,5,6,0,26939,153689,1.1
84,0,342383,1,8,4,178980,190628,5.5
43,5,209559,6,3,0,128241,118428,4.6
33,7,92575,3,5,4,53219,59206,3.9
68,4,96040,4,1,0,7573,202001,4.0
74,6,149510,6,3,1,166553,141048,5.8
46,2,180587,2,1,6,20387,83306,7.5
64,3,6744,4,9,2,68063,55506,0.8
79,6,215892,2,4,2,98127,87738,0.3
33,7,305503,4,6,7,84285,248518,6.5
65,2,151871,3,0,5,118196,201490,1.0
56,1,225834,1,9,6,39420,194727,7.9
50,0,121906,3,9,3,130703,198893,5.0
40,5,202260,5,6,5,7842,46298,5.2
27,4,221931,0,9,1,80171,77771,1.7
51,4,254593,1,5,7,55756,30677,2.0
69,0,239746,3,5,5,165032,227820,5.3
27,5,8597,5,7,7,38392,128522,7.3
36,0,310237,0,7,2,135653,130656,7.9
75,1,204199,5,5,3,150830,82715,1.7
18,7,209434,2,2,1,30982,43513,1.2
21,2,158489,7,4,2,4982,232473,0.5
33,6,116598,2,1,6,150734,83100,7.0
41,4,251100,4,4,0,60230,96599,2.4
19,1,259589,1,8,4,56611,53950,0.1
49,2,185233,2,9,1,97669,230200,1.9
41,1,253388,6,0,3,47150,179500,2.8
29,5,134241,5,9,7,133795,123140,7.9
67,4,216164,1,4,5,140949,92903,4.2
52,6,154124,7,5,6,146361,176954,1.7
50,0,205923,6,6,5,135853,99790,2.7
50,0,9036,2,8,1,143179,216610,2.7
78,2,32778,4,5,6,136881,132332,0.3
68,6,155245,3,4,3,50739,24642,1.2
60,7,162475,4,6,1,175415,110689,5.6
29,3,203747,6,0,3,23136,108032,1.0
84,5,19800,0,4,5,50382,148862,1.9
82,2,288516,2,1,2,111459,202607,2.9
50,3,324660,6,3,6,95242,131936,6.1
57,1,283682,0,6,0,13363,57421,4.7
60,5,327062,0,4,2,177329,20297,5.5
61,1,334299,5,5,0,143809,237903,4.6
46,7,232312,1,1,5,22619,33035,5.5
30,6,60500,5,2,7,173850,46800,0.1
29,4,168647,2,6,6,121411,47676,7.5
63,5,237527,0,1,2,122962,16605,1.0
19,3,111659,7,5,2,1034,139511,3.3
52,7,28716,6,4,1,32414,79972,6.2
25,4,3352,3,9,4,2613,173601,3.5
43,0,134004,0,0,5,9705,147435,7.6
51,3,339593,6,9,3,103002,78597,3.8
24,2,9556,7,3,5,133377,142019,7.0
75,0,262973,3,1,3,128503,96660,6.5
46,7,349980,5,3,6,115097,47440,7.8
53,0,137570,5,0,3,58608,241754,7.4
38,2,208190,1,1,7,168951,209519,7.2
53,5,51098,6,7,0,117108,85501,5.9
27,0,141641,0,5,3,79931,235324,3.0
41,6,248199,4,1,3,65331,151214,0.9
81,3,127060,5,5,1,64480,228370,5.5
66,4,188954,5,9,2,15962,227471,7.8
53,0,202465,1,8,5,117998,199215,5.8
41,3,131544,3,6,5,117054,8428,7.4
40,1,1340,1,8,6,58903,48502,6.5
79,3,176021,7,4,6,63279,85353,1.4
54,4,83302,0,6,7,21777,115114,2.1
29,3,223740,6,6,3,1414,118017,2.8
72,2,1138,2,2,4,86539,156589,1.4
30,7,120619,2,6,5,48314,79564,4.7
40,4,348520,6,0,6,63430,120194,7.8
47,7,100931,3,8,3,164252,144885,6.1
34,5,157951,7,9,6,67394,133131,3.4
79,7,344676,5,5,7,112533,51393,0.1
30,1,318922,3,4,0,37992,15667,2.6
76,2,38772,5,6,0,46007,212451,4.3
36,5,59478,5,4,6,125466,39098,2.7
66,3,27762,2,9,0,153573,139095,1.0
29,4,145355,3,4,6,136413,50277,3.6
78,1,195994,7,9,3,104492,160011,2.1
36,2,171492,1,6,1,123184,116878,7.3
26,5,318712,5,9,4,13977,81560,0.9
45,5,348234,4,6,3,38546,13785,0.5
69,1,283363,4,2,1,54903,142545,0.1
33,6,320313,1,2,1,95177,123470,2.7
29,3,75965,4,9,5,48019,23194,5.3
42,1,178912,0,2,3,159741,167346,5.9
69,5,176767,5,5,3,135117,135874,3.7
70,0,237281,1,5,6,110386,247348,5.5
40,2,85754,3,2,1,23490,153963,2.9
33,1,78988,5,2,1,112751,5111,5.4
74,6,151023,1,7,1,161971,9872,0.4
56,5,133379,2,7,6,175524,155884,3.2
70,3,81388,7,6,5,98882,145652,6.3
59,7,298572,3,9,3,134565,81118,6.4
75,5,240779,7,3,1,118217,113445,5.8
56,3,207846,2,3,0,119696,108897,1.7
31,1,171047,5,2,3,57289,96713,2.1
22,3,133212,3,4,6,147880,21374,8.0
52,4,289565,7,2,5,128913,194109,0.9
35,4,264852,4,7,0,16819,205486,1.5
26,4,77021,7,6,6,78206,133169,1.1
75,6,160380,1,2,2,14979,12100,2.7
34,6,45789,5,8,3,21830,135319,1.8
24,0,27086,0,4,2,105775,79915,4.0
63,6,280003,7,8,6,115636,248930,3.9
30,7,8684,3,6,6,143450,210125,7.2
57,1,92088,3,6,6,151207,156387,0.4
59,5,47099,6,5,1,178530,216072,2.6
26,5,67093,7,1,5,22984,94848,4.8
67,0,161761,5,8,1,154299,106236,4.9
44,6,311795,5,5,5,112367,25214,3.9
83,7,14893,2,7,4,67559,150462,6.5
22,3,67418,6,0,1,78808,193081,0.6
46,0,126074,7,4,2,15311,193396,6.5
54,7,131351,4,0,5,163584,136297,4.0
55,3,192083,2,9,1,24361,174777,1.2
25,7,39635,6,7,3,119120,152256,7.1
82,3,96071,7,7,6,105023,223433,5.2
34,2,341662,7,0,5,125214,189483,1.4
62,7,73805,2,8,5,130666,229650,0.4
21,5,342207,4,1,1,67513,112073,1.2
53,4,265598,6,8,4,155286,13592,4.9
48,6,284022,7,0,1,80508,96418,1.5
36,3,183170,7,9,7,46589,171342,1.9
78,2,194226,6,8,2,149433,25957,0.3
71,7,145063,0,3,2,108000,72167,5.8
56,5,69344,2,8,5,138762,243137,6.5
36,4,37593,2,6,5,119747,91251,6.4
56,3,37304,3,5,1,24702,63394,1.1
84,7,187292,4,4,2,35957,61805,7.2
62,7,114613,1,8,2,41311,144184,5.4
30,3,201410,0,1,4,98473,234413,7.2
75,0,19354,6,1,3,58845,210199,3.6
37,0,285334,6,8,4,110418,232211,3.6
78,5,7142,6,2,7,59255,168661,6.3
56,4,184043,0,7,0,120015,226867,0.8
18,3,305006,7,8,6,140270,243130,4.2
20,5,185482,6,7,4,160178,52637,6.7
79,5,151575,6,3,7,101226,1059,6.7
80,1,126438,4,0,1,70392,66749,7.7
42,7,49456,5,3,3,168173,37861,5.6
73,6,101167,5,8,1,52221,81220,1.7
50,7,345179,3,1,6,29292,15761,0.3
55,0,271160,3,2,7,132514,20872,3.9
23,4,265528,6,9,0,107043,55855,4.2
75,7,194392,4,7,3,133103,229248,2.0
61,3,103239,6,5,5,50921,99060,1.1
62,5,112431,3,7,2,28711,189492,4.7
49,3,343162,0,6,4,72982,244450,6.1
62,1,41510,0,4,7,97203,164116,7.9
78,4,181005,7,8,1,149574,537,6.1
64,5,284970,1,3,0,55768,174604,6.4
38,3,331170,5,5,2,134504,209805,5.0
53,0,122668,4,1,4,102262,41920,7.9
36,6,243700,2,1,2,104501,245806,5.2
37,1,25045,5,1,4,51707,97743,6.9
74,4,182948,2,9,7,124477,223124,7.6
35,1,91102,1,6,5,130199,129880,7.4
64,0,315063,1,1,3,100328,35100,3.1
66,4,100441,6,1,7,10883,179857,0.7
31,1,159175,3,8,2,23864,193580,1.5
32,2,250877,1,6,2,102564,90020,0.6
48,0,137917,1,2,2,164444,5667,0.9
18,0,218770,2,2,3,64540,932,1.6
71,0,119325,3,6,0,87436,70187,2.8
20,2,20337,1,4,4,11217,244788,4.4
33,2,154385,5,9,7,36813,72447,5.7
74,3,341093,7,5,7,30548,96824,1.8
29,5,263420,1,7,5,147720,51403,5.4
33,6,314295,7,8,2,9691,223731,5.7
41,1,144016,3,0,6,121270,185721,4.5
45,3,316031,6,2,7,58959,219212,7.2
25,1,82442,4,6,3,175825,188340,1.0
53,6,50847,3,5,0,132240,191756,1.5
25,5,59653,2,6,7,568,66292,3.5
75,2,218144,4,7,4,35210,33939,1.1
77,5,254661,5,5,3,36051,164829,4.6
67,2,319766,0,2,5,122961,236765,3.2
45,6,290954,7,1,5,156768,176246,2.3
58,5,78842,7,6,4,127352,51748,1.4
81,3,273647,7,0,2,162208,215174,2.7
44,4,85761,3,2,5,79058,176943,4.9
80,3,274734,7,3,0,67205,229854,4.6
34,1,142958,6,0,3,37693,199568,1.4
50,3,329768,7,4,7,167662,168869,1.1
46,6,164864,2,9,0,10492,185845,0.3
30,0,257910,5,2,2,92577,192828,0.2
63,1,121356,7,1,0,159637,35243,7.1
52,5,218228,7,2,0,148479,200324,0.5
23,1,43727,4,7,1,101935,80303,5.9
64,4,341615,5,5,0,23112,75617,7.0
42,2,9068,7,6,4,80971,201623,0.9
83,5,117923,3,5,3,107493,22576,3.5
27,7,12390,1,5,1,99283,241924,7.7
73,1,107752,6,2,3,113855,206884,6.7
47,5,339113,3,7,3,150548,87983,4.0
22,5,147110,0,6,2,97659,134535,6.1
50,5,225790,3,6,2,136806,119717,6.7
82,2,340208,4,5,1,166942,203894,2.8
35,7,22281,4,4,5,111895,145438,7.1
66,6,55189,7,9,6,167758,105004,3.8
28,3,263093,3,7,2,34468,163877,4.3
43,5,311655,4,4,6,107538,193975,8.0
80,0,123115,1,8,2,26536,214468,6.8
76,6,9605,5,8,2,3841,106149,3.0
44,4,282954,3,0,3,87332,126744,0.2
66,2,250415,6,5,1,33159,33313,5.0
50,1,156394,1,6,3,144578,67229,5.7
18,2,42869,7,2,7,177454,192258,5.2
38,1,33955,5,6,4,74323,5012,7.7
72,2,62388,6,6,3,21698,154238,6.9
23,1,242324,7,1,6,70398,148202,3.6
22,5,11207,6,6,6,27397,118407,0.6
20,3,219401,7,0,4,151991,206091,3.9
70,1,160292,6,4,0,108975,132208,5.5
40,7,206157,5,8,0,25232,135347,4.9
70,1,23031,1,6,4,59824,199529,4.4
54,0,343951,6,6,4,78377,65091,3.8
34,1,72312,6,1,3,42164,210133,2.4
18,0,60766,2,7,4,161300,206388,2.3
68,4,144521,3,2,7,111230,234059,4.1
62,5,188771,5,7,1,54846,11851,1.4
21,0,238199,7,2,0,81387,115900,2.8
79,3,237731,5,9,0,139808,121033,2.7
82,6,236841,4,6,7,117599,104127,4.7
49,5,112041,7,1,5,56947,186756,0.6
51,0,117185,5,3,7,45912,128881,6.7
56,5,178164,1,5,7,137545,242764,4.5
43,7,11350,7,8,4,72020,96207,5.4
51,5,228230,7,4,2,125542,200752,5.7
71,5,262570,5,8,2,91428,82178,2.4
20,4,69487,7,4,7,74553,73809,3.8
67,3,149694,2,9,4,92291,225574,7.7
29,2,124853,3,7,1,86114,11278,6.2
82,2,316261,7,0,2,106918,144073,7.8
71,0,236062,3,6,5,148399,113213,6.0
22,5,234077,5,3,6,11739,133680,1.5
74,0,24782,6,4,4,178033,226477,0.6
34,4,291598,0,5,7,46419,36882,4.7
64,4,331048,0,4,1,145964,222926,2.9
40,1,130936,6,0,1,13534,76287,2.3
31,7,154245,6,8,3,159887,23841,6.5
83,4,123258,6,1,1,8103,208786,3.0
68,1,112668,1,8,2,159799,145939,2.6
55,3,279710,0,9,7,146901,120467,6.8
81,0,139262,6,1,6,58208,226780,6.8
55,6,39333,1,8,2,99518,131566,2.9
67,3,212977,4,5,4,157980,201440,6.7
47,4,90571,7,8,6,142132,143574,6.8
68,3,121263,1,5,4,148710,86320,3.4
80,3,26235,0,5,1,67500,60449,0.6
69,7,1159,5,1,5,129463,147272,0.1
55,7,144217,4,7,0,21042,210877,4.2
47,7,163993,0,2,6,42572,63043,2.8
68,3,148309,7,6,7,114516,160890,8.0
22,4,108507,1,4,3,99171,221431,6.2
46,6,15743,2,2,0,38944,28110,6.1
21,5,229174,3,0,1,116282,204071,7.6
27,3,47101,7,7,1,57642,204946,7.1
73,1,243717,0,2,7,129270,65726,2.6
34,4,122534,6,1,0,86190,45667,1.4
34,3,347371,1,0,3,121870,209351,6.0
51,6,231604,6,3,6,107117,159511,3.1
23,5,188450,6,7,6,3850,192937,3.8
70,7,334270,6,2,0,45317,67881,5.1
83,4,319215,6,0,4,91444,47210,7.3
60,2,203193,6,3,2,3390,17266,3.4
40,5,337907,4,8,5,48313,102916,6.3
72,1,236422,0,0,4,140061,13280,2.2
33,3,147721,7,1,6,32325,48958,5.6
25,6,169785,0,8,2,130200,56721,0.1
21,2,205535,7,1,5,148731,239964,7.0
21,6,177481,3,2,5,166690,2009,0.3
73,2,180838,1,6,5,112104,89993,5.7
42,4,47154,2,2,1,178357,242280,0.5
84,2,270160,4,8,7,18968,165918,2.2
84,1,55238,1,5,5,81299,214371,4.0
44,1,321752,4,2,3,159157,117350,3.4
49,0,90081,7,8,0,87621,178446,1.6
67,1,248644,0,0,6,7095,157720,2.7
78,5,314105,6,9,3,71217,32033,5.8
68,2,200775,3,2,0,24132,108644,5.4
36,1,290061,3,0,4,21560,122902,0.7
38,4,291134,5,1,7,55047,78967,6.0
22,6,63551,2,7,4,90565,1859,0.5
59,7,211695,3,6,0,85668,119619,4.4
78,6,154512,6,1,3,39131,221640,2.2
39,0,167277,0,1,0,56023,191885,4.7
38,6,81811,2,8,5,38232,20844,2.2
18,2,255840,7,5,1,19007,118999,7.9
22,0,318247,1,4,6,143039,70278,2.5
29,2,235104,7,9,4,139343,21101,2.0
63,4,20008,6,5,6,53613,246340,2.3
51,0,203346,6,8,1,157421,150688,7.2
66,3,33402,3,6,5,15740,188557,5.1
62,5,185456,2,9,5,70448,101513,5.9
44,5,260994,0,9,4,110694,248682,7.4
43,2,137643,7,8,4,85635,249901,7.3
64,6,114550,5,3,5,19987,31282,5.9
73,7,92218,7,1,2,21182,111595,1.7
80,7,134296,4,7,6,22806,181391,6.8
65,3,180767,4,3,7,141422,215988,1.7
78,0,242060,0,8,1,112423,200607,6.0
43,3,241016,0,3,6,47136,97623,5.5
53,3,33441,4,7,1,93486,44958,6.1
18,6,239038,5,8,2,139865,223128,4.3
25,7,171201,2,8,7,148630,124725,5.1
69,0,232324,4,9,3,37581,139652,7.6
64,4,325512,0,3,1,121665,220315,0.9
73,6,93122,3,0,6,28274,165529,2.5
31,3,45760,1,2,0,151867,145480,4.9
45,3,286622,5,8,7,44394,96688,7.7
19,4,334998,6,3,5,27053,227452,0.9
43,3,348860,5,4,5,73919,121792,0.3
31,3,144252,3,6,2,151933,91070,0.5
76,3,99538,3,4,1,118924,222896,0.5
73,5,16372,6,3,3,167767,209859,7.3
24,6,292940,7,1,1,13903,124291,5.8
20,1,222035,0,1,5,162087,179054,5.4
40,6,112022,4,3,4,160837,230901,4.2
35,4,55040,7,9,0,117691,125791,6.3
55,3,338501,2,9,7,58653,98875,1.3
32,6,203440,5,8,2,88678,38814,3.2
81,5,79356,6,7,4,33361,232561,4.0
45,7,279355,5,2,6,114496,206493,1.0
56,4,268986,7,8,3,140988,215340,3.4
74,2,329996,3,4,4,33549,109380,2.6
34,6,309112,4,2,6,47298,100826,0.4
61,2,280652,5,4,4,108635,147403,1.2
42,3,154077,2,9,3,131404,121526,6.1
34,5,55575,3,3,7,52190,151697,0.2
30,5,151043,2,7,4,69121,62951,7.5
42,6,67914,4,4,2,167810,46208,0.8
27,4,250134,5,9,5,100772,18182,6.4
84,4,68055,1,7,1,7413,102906,7.2
35,5,88697,7,8,4,124893,214396,7.5
51,4,107239,5,3,2,175495,167366,7.0
25,5,236469,7,6,1,91855,59872,2.4
57,6,124106,4,1,7,68571,39977,2.7
59,1,268499,5,5,6,68474,185435,3.5
58,5,317264,7,7,1,108053,221513,1.2
23,2,301486,6,6,6,4334,170309,0.3
69,4,3257,7,6,4,91628,134192,7.0
43,5,290508,5,7,2,39801,232522,4.5
81,5,157044,0,6,5,74089,234741,4.9
76,6,112715,5,4,4,15890,166629,7.4
73,4,27654,5,6,6,2109,171710,5.4
76,1,212841,7,9,3,91439,210962,5.6
50,6,344567,2,2,1,80232,53524,6.3
70,1,292464,1,4,4,12262,141249,1.0
39,7,21808,2,6,6,75586,175683,2.9
38,6,53389,7,8,7,166003,155646,7.7
21,4,119581,2,1,1,136425,18324,7.4
79,0,128927,3,3,7,141753,132337,7.1
79,4,35773,0,6,6,99470,177011,3.7
41,4,183240,2,0,2,66625,97651,6.9
72,1,339540,6,1,0,85181,49426,0.5
26,1,215764,4,8,7,104670,168432,1.3
20,4,58505,6,9,4,159477,13475,3.4
48,4,349040,4,6,5,89087,75377,3.9
57,4,19135,5,9,4,81742,225249,2.2
53,1,91887,3,6,1,175421,78370,2.9
41,4,123118,0,5,2,49312,245953,1.4
23,4,310521,6,2,6,142212,81871,4.0
83,7,155626,0,9,3,59210,158120,6.4
21,3,325635,6,2,5,24685,101470,5.3
23,0,246739,5,1,2,89499,222147,1.0
68,2,321427,4,5,7,105784,98566,4.0
79,0,280067,1,3,7,132339,170308,5.6
74,3,310735,3,4,4,20807,62062,4.3
83,2,63261,6,2,3,61797,40909,3.2
25,6,317480,6,5,2,74754,215673,5.0
43,4,337227,5,2,0,179793,10334,7.8
68,3,61948,3,7,5,15387,102692,0.8
62,7,241891,4,8,1,4185,1340,3.2
61,6,165074,4,3,2,174324,210981,3.3
22,4,289816,6,8,2,150835,32068,4.7
43,1,267357,1,6,0,178594,11346,1.3
36,5,142365,1,2,4,51714,137471,1.5
37,3,63507,0,6,6,18808,86538,2.4
29,1,58134,3,0,6,71527,197673,7.7
64,3,134172,3,2,5,17421,170345,5.9
18,7,242225,4,5,5,48706,130289,5.3
31,3,194069,0,3,1,21168,107960,6.6
81,1,291316,5,6,2,127877,240350,1.1
55,7,283276,3,2,3,159209,75223,6.9
54,2,249933,0,0,2,173103,204334,4.8
28,0,281343,0,8,6,174205,239255,2.7
20,4,37609,6,5,1,178579,104694,6.5
50,3,175037,4,7,2,179612,111917,6.4
23,4,140088,0,2,0,103151,135883,6.8
67,5,295025,7,7,6,108506,241322,1.0
27,1,214666,1,1,2,43801,57388,7.8
22,4,287616,7,3,2,72378,42116,7.7
40,1,183885,1,2,6,160026,183706,2.9
27,4,232440,2,9,3,174582,222797,0.6
61,0,258803,4,0,6,70093,6583,1.4
19,0,168093,6,6,0,86999,144170,7.9
30,7,317275,5,9,0,48567,82976,4.5
57,0,156159,7,1,2,13401,249279,2.9
19,7,13828,7,3,5,134011,92916,2.4
82,0,133473,2,8,3,13431,3080,2.1
80,0,278337,1,5,2,173767,123334,5.3
34,0,224461,6,7,6,152440,112648,3.4
26,1,282755,2,1,2,163896,188967,7.7
32,3,175863,4,6,1,141907,42821,5.5
41,7,339384,6,5,1,10164,9886,6.4
55,4,240719,4,8,5,159057,53671,2.4
52,0,209475,0,6,3,12536,151094,0.7
66,1,265889,3,0,4,77675,197104,4.0
79,1,318387,0,7,7,158684,223332,2.6
77,1,267010,4,9,1,82412,146207,1.7
67,7,164317,7,2,4,75579,132243,7.6
26,3,72354,6,1,0,45791,34045,3.6
51,7,52374,1,2,1,61950,185651,1.5
52,4,115397,5,5,1,90848,27355,1.7
18,3,249552,1,2,3,96334,36290,2.3
57,2,344173,6,9,5,166726,51512,8.0
81,6,293575,0,4,4,98737,118327,2.2
39,1,30336,5,5,6,62872,243693,2.7
77,7,304136,6,7,1,27428,14760,5.3
81,2,56350,4,6,1,14629,196711,2.4
28,5,70561,7,7,3,84494,1574,1.8
31,7,315099,1,2,3,115777,174248,1.4
77,0,62240,4,3,5,88274,141047,2.6
47,6,152165,5,5,4,69136,209986,0.9
52,0,47607,5,6,0,57578,146692,0.2
54,3,187740,1,8,6,37510,154719,6.5
22,6,182196,4,0,5,102027,2486,1.2
43,7,316014,2,7,7,166528,240701,6.2
79,4,65110,4,7,0,100062,164002,6.4
21,2,185626,5,5,2,39089,239069,4.3
59,4,153008,4,3,1,51628,55979,2.5
35,7,5426,7,2,4,110702,214538,1.2
57,3,220911,6,2,5,168479,131333,5.9
56,0,290750,0,5,1,50455,2676,4.9
31,6,29151,7,7,4,106024,84758,5.3
49,4,274452,2,6,4,5609,239923,0.2
68,7,241853,3,0,4,42638,115688,7.4
55,4,255595,6,5,1,8069,84653,0.6
40,7,177743,0,6,5,26158,193490,3.0
80,0,91306,3,6,6,151040,158687,3.3
32,6,226180,1,8,3,157417,234484,0.1
42,2,3204,3,9,1,75822,77942,4.0
34,0,93769,6,4,7,26642,40502,6.0
83,4,88265,4,0,4,82148,57624,6.6
70,2,294275,6,1,5,25796,138182,7.0
68,7,53428,7,3,6,75991,240400,4.0
56,2,34870,3,4,2,42606,50252,5.1
68,7,104547,5,8,7,40724,79447,0.7
23,0,236990,0,0,0,154604,119472,4.0
84,4,50067,0,2,7,110360,75216,1.3
24,3,239083,3,4,4,147036,179565,3.0
68,4,113217,0,2,2,158835,10573,2.7
59,7,99934,5,3,3,167642,37751,3.4
81,1,143980,6,2,6,5262,96996,4.6
32,6,337851,0,3,6,44845,203009,7.2
46,5,210329,3,0,4,122959,39397,3.2
50,3,258354,2,7,7,7444,182478,7.9
44,2,62215,2,3,7,137644,52116,6.1
53,3,187907,1,6,6,85701,240291,4.1
46,6,312573,7,1,2,117650,4982,5.2
55,2,345296,0,1,4,17156,108490,0.9
74,6,109048,7,5,1,171745,222536,6.8
44,2,170530,6,1,5,145166,204508,4.7
72,3,178241,3,5,2,16909,171146,7.9
50,2,139731,0,1,5,118628,43784,5.1
83,2,240977,4,3,1,15410,73432,6.7
27,1,340384,5,6,1,102281,7838,6.4
22,4,114688,0,7,5,169946,174290,2.8
55,4,309617,0,2,2,100225,144072,2.2
30,5,221460,7,8,5,149005,143117,3.5
48,5,187823,7,1,5,151352,61980,3.8
64,7,210987,2,7,0,124676,136813,2.0
69,7,270150,5,7,2,170981,220886,7.2
73,7,250243,3,3,7,60046,154393,4.4
32,1,75218,0,0,7,65680,5195,7.8
46,5,197416,2,0,0,53160,208638,6.5
25,6,33430,7,1,4,172424,244188,4.5
22,7,24091,1,8,6,158522,248848,7.6
46,7,258125,5,1,7,85965,14818,4.1
64,3,24989,2,1,5,117465,51434,7.1
62,0,76451,2,5,4,48337,153903,2.9
19,6,19990,6,6,7,119122,121782,3.1
44,7,343504,2,6,2,121480,184244,3.4
53,7,251541,6,8,5,177684,92391,4.4
53,7,299225,0,5,6,44076,208432,4.5
43,0,143105,0,7,4,94747,225257,4.0
60,0,279385,7,5,7,50427,69254,2.5
44,1,125932,1,1,7,163722,86177,7.4
37,6,269083,4,0,3,84633,102820,4.7
28,1,114000,4,4,7,73904,134409,3.3
55,2,179634,4,8,1,7061,125761,5.2
23,0,36063,7,7,5,62114,246188,6.2
40,3,208793,6,3,6,64088,105838,7.7
64,5,159117,7,4,1,79486,40577,4.0
63,3,310262,5,4,0,61493,80415,1.0
29,5,85703,5,5,4,68715,135811,3.6
30,0,236796,1,2,7,154796,242004,3.9
79,0,129557,5,4,0,7265,217920,7.2
77,0,290220,4,1,6,168956,30169,3.2
60,1,254317,4,9,5,88920,49124,7.6
22,6,196877,7,0,1,164637,75647,3.9
54,5,307749,2,0,1,59076,135722,7.8
48,6,347709,5,9,4,154976,142681,0.2
26,1,302265,7,6,5,136894,231322,7.2
68,1,294577,0,1,7,83997,157588,7.5
46,4,44309,0,3,3,91341,143508,7.7
57,3,330612,2,4,3,102590,142608,0.2
58,3,330437,2,6,4,97056,170808,1.5
28,2,301549,2,1,5,66401,145593,5.3
40,7,44527,7,5,4,163966,37443,0.3
18,1,340371,0,0,5,89966,114194,0.6
63,5,225490,4,6,6,23195,234956,1.8
38,4,140883,2,8,6,92520,212579,4.1
53,4,94344,1,4,0,80341,244769,4.4
71,7,156344,6,4,7,139691,181588,0.4
74,6,224564,7,3,4,179224,154816,1.4
18,7,48153,2,2,7,165109,194599,4.0
80,7,109042,6,8,5,70999,245885,4.8
71,7,55110,3,4,3,45887,123851,1.3
72,3,146051,2,7,7,37476,39485,3.3
57,1,242131,0,8,5,34723,235548,7.2
32,2,240173,5,4,6,54815,133074,8.0
38,1,29328,2,9,5,10714,54336,7.9
64,6,113911,7,8,4,47656,100214,7.1
70,0,276011,5,1,0,7433,4270,3.2
26,7,60234,3,8,0,1302,43365,5.5
69,1,288995,1,3,0,66333,54311,3.4
74,6,294423,5,5,0,46915,4501,5.2
43,0,249503,6,5,6,110745,61348,2.5
58,0,228135,4,5,2,104285,53135,4.9
52,7,74402,2,1,7,109301,21446,4.2
80,2,278593,3,6,4,137528,197706,0.3
42,5,339365,3,5,1,108884,96352,6.3
55,3,6451,5,0,4,65000,91603,0.2
19,1,88178,1,1,2,95137,223616,2.4
24,0,326905,0,6,0,41748,44244,0.1
51,1,237562,2,0,2,173639,118229,3.1
34,5,302014,3,0,3,129045,170731,0.6
60,3,124765,1,0,3,114015,227384,7.3
76,5,129389,4,7,7,127802,24171,3.4
68,3,190699,3,3,6,126470,148022,3.7
71,4,198227,1,3,4,126520,146480,2.9
41,3,288516,7,1,4,157477,188847,5.1
42,7,266786,0,0,1,25770,175930,6.3
69,2,261220,0,9,6,161527,180619,5.2
50,5,297208,3,8,1,21382,167090,6.0
66,0,226898,6,6,3,39573,58313,7.3
46,7,277266,3,3,0,43219,97248,6.9
80,4,69431,5,5,2,16243,239792,5.4
39,2,56745,2,1,1,176804,138378,1.8
43,1,51081,1,6,5,19439,105233,5.1
45,7,217204,3,1,1,141688,172463,4.1
66,5,77253,2,9,0,134684,127365,5.8
66,6,299335,5,7,0,82176,84051,6.7
37,6,273355,7,7,4,24606,129835,6.0
80,0,112086,7,0,2,2075,39720,6.8
78,3,94783,2,7,0,168338,17658,0.6
66,0,126681,3,1,6,137024,81492,0.3
18,6,88893,0,5,1,132625,159160,2.1
30,1,159763,1,0,1,158258,63076,7.2
68,4,78960,1,4,3,14891,88527,6.6
73,4,347532,7,6,0,48275,155760,5.5
79,5,23601,7,9,5,10994,224187,5.6
49,4,140227,0,0,4,147678,59330,5.8
47,5,201191,6,1,2,76130,135591,7.5
46,7,168849,3,6,5,158144,12919,6.7
66,5,282854,7,5,4,41908,34197,5.0
62,7,156604,7,2,1,115692,85432,5.4
47,5,129727,7,9,5,106829,120212,1.8
33,6,64227,1,1,4,152072,236140,5.3
57,6,137039,3,9,1,174669,95928,3.5
36,3,85289,5,3,1,123513,139545,1.3
35,7,152094,3,2,1,169181,239573,6.5
18,2,206743,2,6,1,21552,87149,4.1
64,7,268866,0,7,6,102175,123149,7.8
83,5,159485,6,1,1,94048,11636,2.3
55,5,344194,7,9,3,146710,85239,3.9
68,2,234820,7,6,5,45199,63002,3.6
80,0,237994,3,7,4,18682,162857,1.1
21,5,346740,6,5,3,163743,23539,3.5
18,3,329876,7,5,6,47479,67220,2.4
25,4,69323,6,9,7,109613,123668,1.4
46,4,286960,5,0,7,54413,88763,2.3
72,1,41695,4,3,3,114109,59655,1.9
20,1,56841,0,0,0,13226,17411,5.9
49,4,199784,6,3,0,85384,1416,0.3
27,4,108096,1,1,0,5635,59552,5.0
51,6,93764,2,4,2,139765,200682,6.1
72,3,86744,1,9,0,59521,233195,3.9
49,2,291626,7,8,4,134035,18290,7.5
67,1,10171,5,9,3,20589,214733,5.7
24,6,101755,5,2,4,31698,136778,6.0
25,6,109125,1,7,5,63955,122437,1.7
82,2,4696,0,2,0,101745,85553,6.2
74,6,127310,1,5,6,36025,50450,6.7
84,7,152385,3,3,2,17134,116711,3.0
76,3,282293,7,7,5,5774,56861,1.8
71,4,316665,7,5,6,130898,61951,3.1
84,5,46740,1,7,2,169451,38196,5.9
68,2,107611,2,0,7,132859,213213,3.4
25,4,249922,2,5,5,42982,232764,5.9
51,4,329785,7,0,7,60761,199798,1.0
52,0,64811,4,0,3,135681,102895,6.5
49,7,183385,2,7,4,127359,124621,2.1
63,2,64232,1,6,1,26951,47228,2.1
33,6,278561,2,2,4,38374,55901,4.8
54,5,156801,7,5,0,122878,197798,0.7
71,2,113492,0,8,7,56772,25603,0.3
31,6,31099,6,6,6,61616,165835,2.2
72,4,230206,2,2,1,143313,208193,4.4
65,5,119474,3,5,2,154499,50544,7.3
24,6,272400,0,3,7,35401,58230,6.8
24,3,244588,4,2,3,36269,26325,4.0
50,6,35681,3,8,3,26570,207828,0.4
40,0,92328,1,9,7,125542,235749,4.3
36,7,219512,6,1,7,142858,37771,5.7
36,4,306505,1,0,7,125958,77756,2.8
53,6,35540,6,1,2,136594,178304,1.0
46,7,158608,6,6,0,65494,66933,2.3
77,1,85700,1,9,2,79668,214202,6.2
19,1,341676,3,0,5,160571,102499,2.9
18,7,188647,3,5,6,90915,232562,6.5
64,7,47002,6,6,7,70993,24072,2.6
37,0,50812,3,8,6,177773,39046,1.4
28,3,192051,6,7,0,111872,146722,3.5
19,4,258906,7,5,1,141049,54665,3.7
84,2,109946,6,2,2,142521,64190,0.2
29,0,67668,7,7,0,121102,185236,1.0
37,3,100003,0,6,6,21590,213907,1.6
22,7,212142,5,2,1,20569,206771,1.0
54,2,221462,0,8,2,144153,37448,2.8
55,7,306142,1,1,3,9787,168602,7.7
26,7,195886,5,2,2,107209,27507,4.1
70,1,105601,2,1,4,139105,101319,5.1
61,1,270956,1,0,2,47213,91707,2.9
41,2,62844,4,3,4,117541,222493,2.7
47,0,202165,0,4,1,127985,77272,0.3
76,1,175870,3,5,2,147026,22524,4.1
31,4,75601,0,4,1,107784,243980,3.9
26,7,311001,3,0,1,78313,170956,1.3
57,5,283844,5,2,6,86984,83412,6.1
83,6,258927,4,0,0,35482,234246,4.0
42,2,174423,5,4,1,168009,149729,2.8
39,2,94330,4,4,1,24324,85981,1.3
21,1,226391,0,5,6,70302,233692,4.5
43,0,214606,3,7,6,133468,89053,6.0
75,7,192387,5,9,2,61727,133328,2.3
46,4,242133,4,0,6,130571,232249,1.8
54,0,163627,6,3,2,131142,199684,4.2
35,3,326497,1,9,3,96851,222575,1.3
59,3,179048,1,0,6,85595,102988,5.4
58,5,46095,5,8,0,11545,97241,4.9
55,1,146342,3,6,1,124744,189623,0.8
51,1,162980,6,6,0,34277,232273,0.4
34,1,278667,5,4,4,130629,196167,5.0
54,5,63433,0,6,7,12255,78710,2.4
42,3,20991,4,1,6,103893,174666,0.8
44,0,273919,7,3,1,85483,240422,6.1
74,5,348139,0,6,0,44684,219461,2.6
48,5,148745,1,2,6,77714,226957,3.7
23,0,123808,4,1,6,90335,136107,2.0
57,1,159128,5,9,7,35971,187607,5.1
29,4,138686,0,1,3,177812,47867,2.5
70,0,8415,2,0,3,110484,239044,7.7
27,3,247038,7,4,1,117599,148690,5.7
62,2,255205,3,5,4,105085,191384,1.2
34,7,300188,6,5,3,160649,60384,3.4
43,2,189221,6,8,7,174005,197740,3.1
79,6,169616,3,3,3,129544,144852,4.3
63,6,50976,2,0,4,143032,146318,6.8
81,5,266976,1,5,0,113426,103072,4.7
19,7,222883,4,4,3,99450,53751,0.6
71,2,212509,3,9,7,25962,85321,5.3
82,4,297292,2,5,2,165604,84083,0.2
68,1,240241,5,2,7,171372,245197,6.3
70,3,220526,7,1,5,136216,10707,5.4
53,6,348220,6,5,5,49025,202699,2.5
43,4,301546,7,0,3,14077,28257,2.4
46,3,189799,2,6,0,161262,147798,6.4
38,3,39578,7,6,6,129265,226840,6.3
28,1,91453,1,9,0,108643,192979,2.9
57,7,338859,1,6,7,99812,158778,2.5
28,5,209859,0,9,1,117874,151828,4.5
53,2,112435,3,0,2,115274,34322,0.2
76,1,217101,0,3,0,134530,41840,0.8
56,4,152538,7,6,4,31829,243455,1.1
71,5,46475,6,8,7,168851,183806,1.6
72,4,323286,2,4,2,154230,43851,4.1
41,5,217232,4,1,5,170737,106811,7.9
39,7,158636,7,6,7,15975,180243,5.3
73,6,154484,4,9,2,165479,75820,0.6
50,4,94526,1,0,4,153825,103065,4.3
53,1,52001,4,6,3,255,166729,4.0
37,5,320793,4,5,4,88897,20437,1.2
79,5,193029,6,6,4,164145,185862,7.4
43,3,145228,4,9,3,101705,178279,3.6
83,3,26711,7,2,3,80920,11719,8.0
57,0,31106,2,2,3,78399,9899,3.4
34,4,328602,4,6,3,156590,127233,4.9
18,3,218583,5,1,3,33934,230420,0.9
78,0,139286,4,0,4,149794,159229,3.7
60,6,228189,4,8,1,142928,20547,2.0
59,6,127479,0,8,1,147165,232115,6.7
42,3,137213,2,6,7,16693,207667,6.3
56,4,29884,7,6,0,134904,86193,6.6
52,5,265852,1,2,1,96072,101431,5.8
20,2,281519,0,9,5,61979,203726,6.7
61,7,16088,7,1,1,169724,176463,1.7
68,4,320759,3,6,4,144538,138352,3.7
29,7,177118,2,8,3,121387,27550,5.6
36,1,273158,5,0,7,116803,74051,5.1
61,6,196497,2,3,3,61807,69166,5.8
76,3,179207,3,5,6,17140,225191,1.9
66,3,79077,3,6,6,155275,82516,0.9
78,7,140784,3,9,6,128080,113635,7.3
34,5,206776,6,6,4,98608,53510,4.5
74,7,316018,1,9,5,35015,232584,1.3
72,1,70087,4,1,1,162141,38665,6.4
64,5,275441,2,3,4,49497,12028,7.3
29,1,241341,7,4,0,60307,121340,1.4
79,2,290272,6,0,7,82993,181180,6.6
25,6,69368,7,0,3,147954,137486,7.5
38,3,220571,4,9,6,19822,37636,7.5
42,3,342102,4,2,2,30608,142751,7.3
29,2,296064,5,9,0,140109,86508,4.4
32,0,252514,3,2,6,146679,12576,2.9
76,6,143180,1,7,5,160581,124411,0.2
43,5,260904,5,8,0,93390,156355,0.6
43,2,78603,0,0,4,150167,117125,3.5
64,5,34872,6,1,1,570,178288,3.3
49,7,273872,6,9,3,114412,50798,1.6
27,4,283727,1,1,7,686,54804,3.2
33,3,86774,4,3,5,23962,79860,1.5
34,5,199522,7,1,5,26813,70335,6.8
40,1,221357,6,6,2,3396,112924,2.5
43,5,66942,1,8,0,100765,139690,4.8
24,4,14689,6,6,2,76549,207864,4.1
31,6,34276,6,5,1,65039,57411,0.5
24,3,102968,3,9,6,173188,205061,7.5
26,7,276194,0,0,1,8772,103588,4.3
65,2,67216,3,9,6,159497,15685,2.7
76,7,216516,0,8,2,46053,173364,1.3
56,4,347184,6,4,3,163547,211782,2.8
35,3,22644,5,4,1,72579,51113,0.3
76,5,63021,7,5,2,132377,241584,3.0
34,6,169197,4,8,0,116274,165499,4.3
31,0,43291,6,7,2,43409,886,7.0
48,6,304664,0,7,2,173759,223725,5.5
41,0,26675,0,7,4,149323,204300,1.0
77,1,150359,0,0,1,94444,207853,1.3
62,6,263318,6,0,7,100500,30520,3.5
20,3,93268,1,7,3,114882,43178,1.6
54,0,298142,5,4,3,57375,218267,0.3
60,2,185384,1,8,4,138121,61894,6.5
57,3,106410,4,1,6,101751,200517,0.3
72,2,338369,6,8,5,19176,115877,6.7
56,6,307958,0,7,6,130817,122216,1.2
32,2,348235,5,8,3,99994,187986,7.8
21,0,313863,5,3,2,57066,186388,4.9
42,3,130887,2,0,4,117952,56418,5.9
30,5,297063,4,0,0,47278,222853,1.0
50,4,336299,7,4,1,31313,243056,6.9
33,0,334713,7,1,1,15601,116140,6.7
59,0,304472,5,7,7,144156,194266,5.3
83,5,202554,6,9,1,168835,161027,4.1
72,3,287762,0,4,2,165686,104946,5.8
59,3,35675,0,4,0,147414,170307,0.1
51,7,282063,5,1,4,71692,95202,4.8
47,6,267317,1,6,4,76893,106009,6.8
30,2,289544,4,7,1,35335,94108,2.9
30,6,182517,0,9,0,28062,114810,1.0
35,5,71305,5,0,0,136462,143681,3.4
49,6,169636,0,1,0,70399,46302,5.8
56,5,89791,7,9,3,105566,199592,0.9
63,3,160034,5,3,3,4531,35122,1.7
46,2,71533,4,4,1,44848,110435,1.3
79,6,188256,5,1,0,28749,118419,6.4
79,0,142650,2,0,5,25961,134169,0.6
74,1,132060,5,8,0,3462,172169,5.5
33,7,150696,5,0,4,72772,172526,3.0
73,4,302338,6,3,4,88058,70019,6.1
27,0,243188,7,1,1,84867,187687,7.7
47,3,330535,4,3,5,4877,236560,1.0
42,4,238501,6,7,0,130534,174723,2.6
22,1,321146,5,7,6,101637,148612,6.5
82,1,298675,4,8,5,149867,45272,2.2
66,2,184887,2,4,7,60348,122931,1.8
20,4,5986,4,6,1,47126,96590,6.6
62,2,295442,0,2,4,75471,195404,7.9
31,0,264625,6,9,6,34657,159488,4.5
47,5,319552,4,3,4,42731,45371,2.3
35,5,201339,7,9,3,128227,26872,3.2
79,5,122950,2,8,1,45971,193279,1.4
54,4,126355,3,9,1,93335,39580,6.1
42,5,28798,5,9,0,66554,106742,6.2
65,0,92649,4,0,0,112943,43222,7.0
82,2,328031,5,1,3,168561,29548,0.3
70,4,20477,1,4,6,34092,85705,4.5
32,2,218400,0,2,7,129862,141349,1.8
66,4,218060,6,1,2,95257,55211,2.8
29,2,287479,0,0,5,38609,167903,6.3
76,1,349754,1,9,2,165742,21468,1.6
54,2,274586,1,2,2,149657,185541,5.1
78,5,309433,6,0,1,154568,234917,5.3
60,1,316891,4,0,5,118766,11792,7.6
56,2,300471,1,0,1,61916,172366,6.2
73,4,335971,3,7,7,89352,79959,6.4
80,4,107464,5,2,5,26582,249504,4.3
63,7,132184,5,0,4,76875,50692,1.6
28,4,88051,2,6,1,22619,159275,3.5
79,3,151653,7,9,1,81438,84693,4.4
42,0,246300,1,2,1,170563,69665,5.5
69,4,60722,1,7,6,12597,68150,4.9
21,1,93036,3,3,3,58088,188088,3.2
76,7,229634,0,3,1,35369,231553,2.2
37,4,148595,0,4,7,62382,130358,1.4
80,3,330104,5,5,0,92676,101898,5.6
71,5,249709,5,6,0,42449,222682,5.2
74,1,282696,4,3,5,159613,98385,5.5
58,3,142880,6,7,4,75803,153829,3.0
20,5,236419,7,5,3,177416,101088,2.2
23,6,155692,3,0,6,79560,103856,6.1
22,6,264031,6,0,5,13644,84009,6.2
22,1,294946,6,8,0,176919,222845,3.7
71,2,86024,2,9,3,123862,52172,4.9
64,0,246809,6,5,3,99043,194880,3.1
66,7,119639,2,9,4,11174,209155,5.6
26,0,82938,6,7,7,112350,22613,6.7
37,3,218813,3,6,3,169655,1194,5.5
78,5,253100,2,5,1,95026,16088,4.1
52,0,289193,0,3,3,97848,193328,3.7
67,5,340933,2,6,4,134228,195657,5.2
79,5,85526,2,8,5,139349,242931,5.5
34,3,47220,3,9,4,36690,245956,4.5
20,3,309307,3,9,6,124913,192714,5.0
49,3,344630,2,6,4,55812,64873,0.9
30,0,76277,7,0,0,100674,86103,7.6
31,6,123332,1,9,1,36359,7204,6.3
28,3,235231,7,8,7,39910,40636,3.1
73,7,23931,3,3,0,145078,68007,4.5
84,0,90116,7,2,5,113296,47861,0.5
46,3,252671,7,3,2,107612,59347,0.4
26,4,318777,4,3,5,95124,106859,2.1
84,5,52913,4,9,1,6658,143013,5.5
42,7,251216,0,1,3,131193,228584,6.8
59,3,95776,6,0,4,35724,119406,4.5
26,1,26991,2,9,2,138125,15177,4.3
57,5,186917,1,0,1,40677,28318,3.3
42,5,105092,0,7,0,32422,2368,1.4
22,3,230577,2,1,4,18520,84091,1.0
28,6,187384,7,9,5,94354,124462,6.1
76,2,238113,3,4,0,52443,67764,7.4
55,6,96556,4,3,1,176887,73668,3.7
22,3,326019,5,7,1,148624,143615,5.3
65,5,157989,1,1,5,73033,72439,7.3
35,7,325264,7,9,2,93676,16232,0.8
54,1,129467,5,8,5,114760,55744,6.2
77,7,219800,4,6,3,134475,150098,5.0
65,7,127155,7,6,0,39467,9840,4.8
45,5,291374,6,0,2,38141,236060,2.4
57,6,60778,6,1,4,83009,22894,5.5
62,1,46833,5,3,6,25568,99057,6.4
79,0,285769,3,3,3,77386,135674,1.0
75,4,33088,7,2,2,31184,233418,4.3
84,5,211722,2,6,6,173213,19659,0.9
73,3,197375,7,7,6,1001,122866,7.0
57,0,77361,3,1,0,106738,196664,4.1
57,4,136189,7,3,1,112401,6712,6.5
50,3,91265,5,2,4,48165,228932,3.0
23,7,98718,3,1,5,85469,37905,1.1
36,2,323854,4,5,0,141241,131132,0.4
57,3,95876,1,3,3,36169,77561,2.3
76,1,31949,3,5,7,163721,94796,2.0
76,1,213954,7,1,6,91879,55686,4.5
65,2,331280,4,3,3,156977,175811,0.3
58,0,112541,1,5,6,28563,242376,4.2
30,4,196691,6,4,1,161992,224565,3.2
62,3,62842,2,2,7,141244,123645,4.7
70,1,233930,5,7,1,33551,245123,5.6
59,0,290134,7,6,4,111223,11032,5.1
80,2,148265,7,2,5,167417,210626,7.9
44,6,293253,6,5,4,88148,203584,1.2
55,5,131356,2,3,1,56435,249408,3.5
77,6,245629,6,4,1,15055,216851,3.5
24,6,213802,0,4,3,167441,67040,3.4
22,1,166582,6,6,1,177676,240162,5.3
62,7,264450,4,4,7,150841,103521,4.0
75,7,4849,1,2,7,125274,3771,4.2
48,2,13360,7,9,2,54637,177054,3.5
40,3,254279,6,4,6,179778,709,7.9
59,7,95767,7,6,0,157010,222571,7.4
27,6,262445,3,4,1,138044,137111,2.5
49,7,177872,2,4,4,90610,246413,1.0
70,6,55330,6,8,5,19931,20477,6.7
47,4,52707,1,2,6,141403,205714,8.0
56,1,281833,4,5,6,66524,110420,2.4
48,1,30084,0,0,5,81920,128656,2.9
19,3,41387,7,9,5,96633,100088,7.5
29,7,337960,2,4,6,3089,69184,5.7
56,7,3642,5,7,2,9769,230644,2.4
83,5,305281,1,4,4,87393,124362,4.7
30,0,187633,5,8,2,85392,6107,7.6
63,4,325404,1,5,1,87354,216694,6.5
44,1,147510,1,7,0,108273,95286,6.0
34,4,311586,4,9,5,7812,126906,5.9
77,1,255511,4,7,7,51844,183511,1.5
81,4,264957,4,2,4,32269,150166,6.6
52,2,85381,6,6,5,81941,189954,2.3
47,6,250880,3,6,2,158603,7899,7.4
80,1,318420,1,9,3,56097,127312,3.0
45,4,304387,2,5,1,145206,156689,6.9
77,7,194984,5,6,0,141367,99162,2.2
54,0,61272,4,1,1,102744,34117,4.2
39,2,174123,6,8,3,18906,139070,0.9
37,2,214808,4,9,0,174788,103326,5.3
81,0,254091,5,9,3,103802,248804,6.7
34,4,328762,5,0,1,34829,130351,5.8
29,7,265064,7,0,2,178182,111577,4.2
39,3,107121,1,2,6,124946,248091,0.5
34,0,77872,4,2,1,20631,51124,7.5
27,4,344276,5,0,1,40288,10128,5.7
82,0,265237,3,6,1,175407,131901,6.0
39,0,276049,3,3,4,169287,39119,6.4
67,1,122759,4,9,3,31585,7532,6.0
31,4,294125,6,1,7,70399,179666,3.6
81,3,337047,5,9,3,38877,38534,5.9
64,6,333965,7,4,5,118304,103158,5.0
46,1,83289,1,5,3,13018,121623,6.8
53,0,117506,1,8,5,63201,86658,6.4
69,6,79513,6,3,4,155249,55764,0.4
24,5,183003,7,1,2,50032,94620,3.1
46,6,313660,1,4,5,41131,48350,0.4
28,0,260480,7,2,1,84190,5222,0.9
50,0,263043,0,1,2,72404,18272,4.9
23,7,192758,4,0,6,45984,86605,7.0
49,4,332356,1,9,4,106505,173251,1.0
68,4,134498,3,1,3,10121,200343,3.7
75,1,255024,5,5,5,35159,5076,7.3
43,3,131970,7,7,7,32528,158279,6.5
63,1,91009,7,2,1,140131,99904,4.2
46,2,200570,2,8,0,89706,173204,6.2
21,0,198467,6,8,6,74608,41976,4.2
30,6,45816,2,1,0,124052,248792,1.3
56,5,5138,1,7,2,26908,161857,1.1
32,0,92176,2,9,3,19047,24654,1.6
46,0,339089,2,4,7,56189,151626,2.9
46,1,267161,0,3,0,125583,17665,7.5
49,5,273595,7,9,2,5122,14939,6.4
19,5,195028,3,4,4,52535,118711,3.5
64,5,273422,6,3,2,127113,45018,4.0
39,1,222552,3,7,6,144813,219623,2.2
44,0,44764,0,3,7,19751,27462,5.7
84,1,124030,0,9,7,150653,185506,6.4
73,4,326087,2,5,2,113519,239657,2.0
38,4,96667,4,1,6,55873,38263,0.4
64,1,317462,7,4,2,101731,116689,5.0
76,5,61128,5,5,7,23148,110790,4.5
23,7,220128,7,4,7,92464,195666,3.3
36,0,285013,5,1,1,59272,111314,5.2
74,1,234540,2,6,2,67760,19964,4.4
20,1,6039,5,3,5,133758,173608,2.1
18,1,153353,0,7,2,66891,124480,3.2
75,7,113935,3,6,7,141354,227521,3.5
55,7,11442,5,6,1,102981,164842,7.1
32,2,336932,7,8,1,84305,42799,7.7
51,4,290730,6,0,4,7286,217377,7.2
78,6,54053,2,9,6,128018,32041,5.8
52,5,182561,4,5,3,68053,74045,4.7
81,3,215176,2,5,0,102125,214115,5.5
42,7,87346,1,5,0,70227,223570,7.5
41,6,330231,2,5,2,16116,129688,2.1
29,7,35397,0,9,4,15448,208650,4.3
35,5,321815,3,6,2,24426,214542,5.5
32,3,117214,3,9,0,156297,30265,5.5
44,2,330041,6,5,6,48580,24269,2.1
77,1,158221,5,0,7,8048,219573,4.7
63,2,278068,0,2,6,14474,218976,6.4
34,7,114143,1,1,6,54745,20656,3.9
70,2,264013,0,5,1,96694,217408,6.4
25,6,264158,2,7,7,116181,182053,2.9
44,0,11103,0,2,3,166505,145007,7.5
63,7,83409,0,9,7,16504,201222,4.3
67,7,24248,6,7,4,11494,177908,4.8
20,6,175588,1,7,1,26625,167707,0.3
81,4,156242,2,4,3,110977,74131,1.4
61,3,9024,4,7,4,140697,38409,5.1
70,1,235864,6,5,4,91749,69987,3.4
41,6,349091,4,4,0,93664,153040,4.1
77,3,175875,6,8,1,176262,224181,0.6
20,5,349808,3,6,4,106948,48155,6.7
37,3,144927,7,7,5,68495,165913,6.3
63,5,86178,6,0,6,16291,243235,1.6
32,6,283169,5,1,4,120143,195754,5.1
42,7,64610,0,7,3,131274,52286,6.6
34,7,71843,3,8,0,50611,68804,5.2
26,4,108237,1,3,2,172230,104106,2.6
55,6,181903,4,9,6,95896,178086,5.3
65,5,175499,7,9,0,151979,121438,1.8
77,3,131299,7,8,2,146520,165551,2.6
80,3,6668,6,3,1,71509,222459,2.0
19,5,223542,0,9,1,146309,81481,4.5
28,2,179267,1,9,4,67621,55607,1.0
81,4,336377,5,9,5,40812,245691,7.5
38,0,156489,1,8,1,13650,132732,2.7
35,7,345126,0,6,7,9691,88397,1.8
81,1,107133,5,1,4,117226,73077,4.0
55,3,273895,1,8,6,75004,215875,2.3
49,1,309362,5,3,0,93493,142418,4.3
28,0,270496,6,7,1,119698,104680,2.9
62,6,211124,6,6,7,138063,20424,1.1
50,1,89835,0,6,0,105675,111693,2.2
58,0,98493,0,7,0,28514,145454,3.6
25,7,292071,5,0,5,52083,211846,0.3
28,5,173166,2,4,1,87286,218127,6.2
68,2,102948,3,1,0,101491,1595,5.0
58,7,186194,7,1,5,10167,104705,4.9
34,3,30493,1,0,5,43420,172555,4.4
63,0,294851,1,4,1,136219,242787,4.8
49,1,200886,2,1,5,170691,14623,7.5
71,3,139368,2,3,1,56331,225240,0.2
37,2,157470,2,2,7,29076,198187,0.5
50,5,298986,4,2,1,101648,226765,1.6
57,6,14261,4,1,2,151243,45778,1.4
49,3,77709,5,5,0,49428,98411,1.5
19,6,96985,4,1,7,74695,221862,5.4
50,0,330317,6,7,3,28461,52499,3.7
47,2,294925,6,7,1,106801,31653,7.9
50,1,276796,0,4,0,61460,18844,1.9
43,2,268247,7,9,6,134618,231349,2.6
39,2,288644,5,6,5,56376,38156,7.9
83,4,247404,7,3,4,52500,202087,6.7
55,2,101336,1,0,1,142612,1712,3.8
63,2,114499,3,1,5,33212,120885,4.5
32,7,150524,0,9,5,166665,140573,6.8
61,3,312537,1,9,5,102353,79284,3.9
66,1,167508,1,3,5,156829,99223,1.7
78,7,310550,5,0,5,73473,81644,6.6
84,7,326203,2,7,1,112528,167999,4.3
23,3,148026,2,8,6,110504,31868,1.3
26,3,345866,7,3,3,106837,202391,4.1
23,0,251819,0,9,2,148548,61660,3.4
49,3,13356,2,2,5,54839,157426,7.0
58,4,129128,1,1,5,122139,11215,1.1
25,4,3187,2,4,2,7510,213273,7.0
67,7,340387,4,2,6,166439,59284,4.1
79,6,298242,2,9,7,103144,129693,3.3
79,0,153297,1,6,6,141663,100144,1.4
24,6,135678,7,5,7,122213,27297,5.6
21,6,320764,5,0,1,142164,48073,7.4
23,7,127270,0,7,0,76933,76620,3.1
75,5,277531,3,1,4,167414,15280,2.0
39,7,332607,2,4,4,176951,38405,4.5
43,1,243998,6,8,0,172887,153145,6.4
20,1,242503,6,7,1,178825,116549,0.1
58,3,63061,7,1,4,109464,130151,5.1
77,3,236497,1,8,6,79271,33859,4.8
31,5,82257,3,4,2,172274,66562,2.6
29,3,62753,3,9,0,122811,73891,3.7
29,1,347918,4,5,6,70858,43963,2.1
30,6,24408,3,2,3,10052,100096,6.3
42,7,125116,6,2,1,5587,247914,5.1
62,2,132208,5,9,0,127771,95518,4.3
36,4,18413,1,7,4,97495,17071,3.2
72,2,114650,1,9,1,130581,228848,2.4
62,2,60500,2,9,2,40194,150714,6.6
25,1,347658,2,1,1,117112,25604,3.7
70,2,57358,2,1,1,164997,9125,4.1
72,7,67197,6,4,2,131832,39699,4.2
49,5,224861,6,5,5,124410,121225,3.6
68,0,224492,7,1,2,56765,147498,2.1
61,3,262545,6,4,6,1512,31718,1.1
35,0,77240,6,6,1,149477,176044,0.9
39,6,236595,6,9,7,126082,92416,6.1
54,7,222135,6,9,2,142867,123682,1.9
73,7,279466,5,7,5,87766,21066,0.5
76,4,7968,6,6,6,21529,187697,6.4
20,7,290662,7,7,7,68387,33705,1.3
45,3,315069,3,8,7,75742,109584,5.0
52,7,191920,3,4,0,108437,30217,2.8
78,2,264844,4,4,2,114676,181556,1.1
71,4,233076,5,9,2,35845,107792,3.4
80,3,24199,2,3,1,87702,156707,0.2
24,5,164187,0,8,6,87510,159736,6.7
66,5,186388,6,4,0,69819,206061,4.2
48,5,6520,4,1,3,33713,39062,1.2
75,5,110814,0,9,3,8949,200682,2.0
78,2,168527,7,7,4,162055,20669,3.6
41,7,247356,3,6,2,60845,191430,1.6
37,0,124364,4,7,2,53375,22104,2.2
54,3,15955,7,2,0,148595,90170,4.3
21,2,176121,4,3,5,50962,115105,6.7
37,5,145989,1,4,3,64422,89238,3.3
77,6,251144,7,5,4,165765,132256,5.8
41,7,65925,3,0,0,12413,128640,7.0
67,0,71269,3,3,2,97567,103037,1.8
66,6,304602,5,9,3,178202,246837,6.5
68,4,153185,4,4,6,158985,111801,6.1
53,6,100977,6,6,4,107357,8507,2.9
83,4,307083,3,4,1,32783,115415,7.9
51,4,30345,4,0,3,128992,232204,2.2
53,5,256688,5,6,4,80144,117919,2.1
23,4,262798,6,7,0,22569,42287,6.2
56,1,332310,7,6,1,179200,50082,3.5
59,3,179933,5,3,4,116044,206363,2.7
75,3,98406,1,7,4,19710,229370,1.5
29,5,312442,6,4,7,12320,84129,6.1
20,1,308086,4,9,7,100047,6282,6.3
35,6,4453,3,8,7,98775,67270,4.6
57,2,103811,3,9,2,129469,58145,7.7
38,6,55935,4,4,5,5495,104009,2.6
32,7,175442,4,0,3,20660,231296,1.8
43,2,271472,4,8,2,15163,163568,5.5
25,4,16534,2,4,6,77316,29704,6.1
59,0,348424,6,5,1,27528,17652,1.9
61,2,37320,3,3,5,84829,186758,0.7
31,0,50170,6,5,4,124234,239472,6.5
19,3,101546,5,7,2,21805,91055,7.8
54,0,81201,3,2,7,111101,216596,5.2
55,3,235473,2,4,5,176085,234231,2.3
58,1,271784,4,1,6,177643,20189,8.0
79,1,232324,1,1,3,108441,182262,7.2
77,5,162121,4,6,6,47798,225614,4.2
31,5,234612,7,9,1,72458,83751,6.6
19,4,188125,4,9,0,41169,188892,6.5
34,2,307081,2,9,2,168184,195798,7.5
45,4,201796,6,5,7,169646,187663,6.7
83,3,144279,3,3,1,62984,107065,5.2
52,4,197846,4,4,0,147200,210873,4.9
22,0,165044,3,0,7,21474,153514,3.8
82,3,203160,0,6,7,130194,39212,5.0
57,5,71463,5,7,7,34616,237002,6.4
73,1,94500,6,8,2,100634,196849,7.8
53,5,208772,3,7,1,160319,50132,3.8
62,2,38158,1,4,7,174628,169603,4.6
40,3,85607,5,2,6,168406,20978,3.6
64,3,246017,7,9,1,51510,23051,5.4
48,0,334840,7,8,5,80958,48568,5.1
28,2,324654,1,5,6,143635,94108,0.2
27,1,121076,4,4,2,175835,36061,4.4
84,6,59692,5,2,7,30828,134464,0.8
31,3,131841,3,5,1,69872,231074,0.3
27,3,193816,5,2,4,46446,24895,6.4
18,0,278954,4,9,2,142433,19256,2.1
22,4,162081,2,5,1,89310,248152,2.8
37,7,112718,6,3,5,3010,219282,0.6
25,1,1192,1,1,7,71888,166223,1.5
60,5,248536,4,7,0,65748,66833,6.1
18,2,37413,2,3,7,11362,205317,4.0
74,3,144888,5,8,0,88058,238111,7.1
